Наименование товара,цена строкой,цена числом,ссылка на товар
Люстра Ливсден Brown,17 990руб.,17990.0,https://www.divan.ru/sankt-peterburg/product/lyustra-livsden-brown
Подвесной светильник Ливсден Brown,4590руб.,4590.0,https://www.divan.ru/sankt-peterburg/product/podvesnoj-svetilnik-livsden-brown
Настольная лампа Ливсден Brown,7990руб.,7990.0,https://www.divan.ru/sankt-peterburg/product/nastolnaya-lampa-livsden-brown
Торшер Ливсден Brown,11 990руб.,11990.0,https://www.divan.ru/sankt-peterburg/product/torsher-livsden-brown
Бра Флиммер Black,1590руб.,1590.0,https://www.divan.ru/sankt-peterburg/product/bra-flimmer-black
Люстра Флиммер Black,6990руб.,6990.0,https://www.divan.ru/sankt-peterburg/product/lyustra-flimmer-black
Подвесной светильник Флиммер Black,1790руб.,1790.0,https://www.divan.ru/sankt-peterburg/product/podvesnoj-svetilnik-flimmer-black
Настольная лампа Флиммер Black,2590руб.,2590.0,https://www.divan.ru/sankt-peterburg/product/nastolnaya-lampa-flimmer-black
Торшер Флиммер Black,4690руб.,4690.0,https://www.divan.ru/sankt-peterburg/product/torsher-flimmer-black
Настольная лампа Нидлс Raffia Beige,3990руб.,3990.0,https://www.divan.ru/sankt-peterburg/product/nastolnaya-lampa-nidls-raffia-beige
Люстра Гейза Black,9590руб.,9590.0,https://www.divan.ru/sankt-peterburg/product/lyustra-gejza-black
Настольная лампа Гейза Black,2990руб.,2990.0,https://www.divan.ru/sankt-peterburg/product/nastolnaya-lampa-gejza-black
Настольная лампа Гейза Pink,3290руб.,3290.0,https://www.divan.ru/sankt-peterburg/product/nastolnaya-lampa-gejza-pink
Настольная лампа Гейза Blue,2990руб.,2990.0,https://www.divan.ru/sankt-peterburg/product/nastolnaya-lampa-gejza-blue
Настольная лампа Гейза Orange,3290руб.,3290.0,https://www.divan.ru/sankt-peterburg/product/nastolnaya-lampa-gejza-orange
Настольная лампа Алней Black,3990руб.,3990.0,https://www.divan.ru/sankt-peterburg/product/nastolnaya-lampa-alnej-black
Настольная лампа Алней Beige,3990руб.,3990.0,https://www.divan.ru/sankt-peterburg/product/nastolnaya-lampa-alnej-beige
Настольная лампа Алней Green,3990руб.,3990.0,https://www.divan.ru/sankt-peterburg/product/nastolnaya-lampa-alnej-green
Настольная лампа Алней Orange,3590руб.,3590.0,https://www.divan.ru/sankt-peterburg/product/nastolnaya-lampa-alnej-orange
Торшер Алней Green,6990руб.,6990.0,https://www.divan.ru/sankt-peterburg/product/torsher-alnej-green
Торшер Алней Black,7990руб.,7990.0,https://www.divan.ru/sankt-peterburg/product/torsher-alnej-black
Торшер Алней Orange,7990руб.,7990.0,https://www.divan.ru/sankt-peterburg/product/torsher-alnej-orange
Торшер Алней Beige,7990руб.,7990.0,https://www.divan.ru/sankt-peterburg/product/torsher-alnej-beige
Настольная лампа Арбет Orange,1990руб.,1990.0,https://www.divan.ru/sankt-peterburg/product/nastolnaya-lampa-arbet-orange
Настольная лампа Арбет Silver,2990руб.,2990.0,https://www.divan.ru/sankt-peterburg/product/nastolnaya-lampa-arbet-silver
Настольная лампа Арбет Beige,1990руб.,1990.0,https://www.divan.ru/sankt-peterburg/product/nastolnaya-lampa-arbet-beige
Настольная лампа Арбет White,1990руб.,1990.0,https://www.divan.ru/sankt-peterburg/product/nastolnaya-lampa-arbet-white
Настольная лампа Арбет Black,1990руб.,1990.0,https://www.divan.ru/sankt-peterburg/product/nastolnaya-lampa-arbet-black
Настольная лампа Синдри Grey,3990руб.,3990.0,https://www.divan.ru/sankt-peterburg/product/nastolnaya-lampa-sindri-grey
Люстра Синдри Black,13 490руб.,13490.0,https://www.divan.ru/sankt-peterburg/product/lyustra-sindri-black
Настольная лампа Манэт White,1990руб.,1990.0,https://www.divan.ru/sankt-peterburg/product/nastolnaya-lampa-manet-white
Настольная лампа Леррет Beige,3990руб.,3990.0,https://www.divan.ru/sankt-peterburg/product/nastolnaya-lampa-lerret-beige
Настольная лампа Леррет White,1990руб.,1990.0,https://www.divan.ru/sankt-peterburg/product/nastolnaya-lampa-lerret-white
Настольная лампа Истад Black,1590руб.,1590.0,https://www.divan.ru/sankt-peterburg/product/nastolnaya-lampa-istad-black
Настольная лампа Истад White,1590руб.,1590.0,https://www.divan.ru/sankt-peterburg/product/nastolnaya-lampa-istad-white
Люстра Боллар White,22 990руб.,22990.0,https://www.divan.ru/sankt-peterburg/product/lyustra-bollar-white
Настольная лампа Рибе Black,1890руб.,1890.0,https://www.divan.ru/sankt-peterburg/product/nastolnaya-lampa-ribe-black
Настольная лампа Рибе Orange,1890руб.,1890.0,https://www.divan.ru/sankt-peterburg/product/nastolnaya-lampa-ribe-orange
Настольная лампа Снибальд White,590руб.,590.0,https://www.divan.ru/sankt-peterburg/product/nastolnaya-lampa-snibald-white
Настольная лампа Спайк Pink,1390руб.,1390.0,https://www.divan.ru/sankt-peterburg/product/nastolnaya-lampa-spajk-pink
Настольная лампа Спайк White,1390руб.,1390.0,https://www.divan.ru/sankt-peterburg/product/nastolnaya-lampa-spajk-white
Настольная лампа Астри Black,1290руб.,1290.0,https://www.divan.ru/sankt-peterburg/product/nastolnaya-lampa-astri-black
Настольная лампа Астри Beige,1290руб.,1290.0,https://www.divan.ru/sankt-peterburg/product/nastolnaya-lampa-astri-beige
Подвесной светильник Клауд White,9990руб.,9990.0,https://www.divan.ru/sankt-peterburg/product/podvesnoj-svetilnik-klaud-white
Торшер Клауд White,18 290руб.,18290.0,https://www.divan.ru/sankt-peterburg/product/torsher-klaud-white
Настольная лампа Клауд White,14 990руб.,14990.0,https://www.divan.ru/sankt-peterburg/product/nastolnaya-lampa-klaud-white
Настольная лампа Машрум Olive,3990руб.,3990.0,https://www.divan.ru/sankt-peterburg/product/nastolnaya-lampa-mashrum-olive
Настольная лампа Машрум Pink,3590руб.,3590.0,https://www.divan.ru/sankt-peterburg/product/nastolnaya-lampa-mashrum-pink
